{"H": {"1.007825": 0.999885, "2.014102": 0.000115, "3.016049": 0.0}, "He": {"3.016029": 1e-06, "4.002603": 0.999999}, "Li": {"6.015123": 0.0759, "7.016003": 0.9241}, "Be": {"9.012183": 1.0}, "B": {"10.012937": 0.199, "11.009305": 0.801}, "C": {"12.0": 0.9893, "13.003355": 0.0107, "14.003242": 0.0}, "N": {"14.003074": 0.99636, "15.000109": 0.00364}, "O": {"15.994915": 0.99757, "16.999132": 0.00038, "17.99916": 0.00205}, "F": {"18.998403": 1.0}, "Ne": {"19.99244": 0.9048, "20.993847": 0.0027, "21.991385": 0.0925}, "Na": {"22.989769": 1.0}, "Mg": {"23.985042": 0.7899, "24.985837": 0.1, "25.982593": 0.1101}, "Al": {"26.981539": 1.0}, "Si": {"27.976927": 0.92223, "28.976495": 0.04685, "29.97377": 0.03092}, "P": {"30.973762": 1.0}, "S": {"31.972071": 0.9499, "32.971459": 0.0075, "33.967867": 0.0425, "35.967081": 0.0001}, "Cl": {"34.968853": 0.7576, "36.965903": 0.2424}, "Ar": {"35.967545": 0.003336, "37.962732": 0.000629, "39.962383": 0.996035}, "K": {"38.963706": 0.932581, "39.963998": 0.000117, "40.961825": 0.067302}, "Ca": {"39.962591": 0.96941, "41.958618": 0.00647, "42.958766": 0.00135, "43.955482": 0.02086, "45.953689": 4e-05, "47.952523": 0.00187}, "Sc": {"44.955908": 1.0}, "Ti": {"45.952628": 0.0825, "46.951759": 0.0744, "47.947942": 0.7372, "48.947866": 0.0541, "49.944787": 0.0518}, "V": {"49.947156": 0.0025, "50.943957": 0.9975}, "Cr": {"49.946042": 0.04345, "51.940506": 0.83789, "52.940648": 0.09501, "53.938879": 0.02365}, "Mn": {"54.938044": 1.0}, "Fe": {"53.939609": 0.05845, "55.934936": 0.91754, "56.935393": 0.02119, "57.933274": 0.00282}, "Co": {"58.933194": 1.0}, "Ni": {"57.935342": 0.68077, "59.930786": 0.26223, "60.931056": 0.011399, "61.928345": 0.036346, "63.927967": 0.009255}, "Cu": {"62.929598": 0.6915, "64.92779": 0.3085}, "Zn": {"63.929142": 0.4917, "65.926034": 0.2773, "66.927128": 0.0404, "67.924845": 0.1845, "69.925319": 0.0061}, "Ga": {"68.925573": 0.60108, "70.924703": 0.39892}, "Ge": {"69.924249": 0.2057, "71.922076": 0.2745, "72.923459": 0.0775, "73.921178": 0.365, "75.921403": 0.0773}, "As": {"74.921595": 1.0}, "Se": {"73.922476": 0.0089, "75.919214": 0.0937, "76.919914": 0.0763, "77.917309": 0.2377, "79.916522": 0.4961, "81.916699": 0.0873}, "Br": {"78.918338": 0.5069, "80.91629": 0.4931}, "Kr": {"77.920365": 0.00355, "79.916378": 0.02286, "81.913483": 0.11593, "82.914127": 0.115, "83.911498": 0.56987, "85.910611": 0.17279}, "Rb": {"84.91179": 0.7217, "86.909181": 0.2783}, "Sr": {"83.913419": 0.0056, "85.909261": 0.0986, "86.908878": 0.07, "87.905613": 0.8258}, "Y": {"88.90584": 1.0}, "Zr": {"89.904698": 0.5145, "90.90564": 0.1122, "91.905035": 0.1715, "93.906311": 0.1738, "95.908271": 0.028}, "Nb": {"92.906373": 1.0}, "Mo": {"91.906808": 0.1453, "93.905085": 0.0915, "94.905839": 0.1584, "95.904676": 0.1667, "96.906018": 0.096, "97.905405": 0.2439, "99.907472": 0.0982}, "Tc": {"96.906367": 0.0, "97.907212": 0.0, "98.906251": 0.0}, "Ru": {"95.90759": 0.0554, "97.905287": 0.0187, "98.905934": 0.1276, "99.904214": 0.126, "100.905577": 0.1706, "101.904344": 0.3155, "103.905428": 0.1862}, "Rh": {"102.905498": 1.0}, "Pd": {"101.905602": 0.0102, "103.904031": 0.1114, "104.90508": 0.2233, "105.90348": 0.2733, "107.903892": 0.2646, "109.905172": 0.1172}, "Ag": {"106.905092": 0.51839, "108.904755": 0.48161}, "Cd": {"105.90646": 0.0125, "107.904183": 0.0089, "109.903007": 0.1249, "110.904183": 0.128, "111.902763": 0.2413, "112.904408": 0.1222, "113.903365": 0.2873, "115.904763": 0.0749}, "In": {"112.904062": 0.0429, "114.903879": 0.9571}, "Sn": {"111.904824": 0.0097, "113.902783": 0.0066, "114.903345": 0.0034, "115.901743": 0.1454, "116.902954": 0.0768, "117.901607": 0.2422, "118.903311": 0.0859, "119.902202": 0.3258, "121.903444": 0.0463, "123.905277": 0.0579}, "Sb": {"120.903812": 0.5721, "122.904213": 0.4279}, "Te": {"119.904059": 0.0009, "121.903043": 0.0255, "122.90427": 0.0089, "123.902817": 0.0474, "124.90443": 0.0707, "125.903311": 0.1884, "127.904461": 0.3174, "129.906223": 0.3408}, "I": {"126.904472": 1.0}, "Xe": {"123.905892": 0.000952, "125.904298": 0.00089, "127.903531": 0.019102, "128.904781": 0.264006, "129.903509": 0.04071, "130.905084": 0.212324, "131.904155": 0.269086, "133.905395": 0.104357, "135.907214": 0.088573}, "Cs": {"132.905452": 1.0}, "Ba": {"129.906321": 0.00106, "131.905061": 0.00101, "133.904508": 0.02417, "134.905688": 0.06592, "135.904576": 0.07854, "136.905827": 0.11232, "137.905247": 0.71698}, "La": {"137.907115": 0.000888, "138.906356": 0.999112}, "Ce": {"135.907129": 0.00185, "137.905991": 0.00251, "139.905443": 0.8845, "141.90925": 0.11114}, "Pr": {"140.907658": 1.0}, "Nd": {"141.907729": 0.27152, "142.90982": 0.12174, "143.910093": 0.23798, "144.912579": 0.08293, "145.913123": 0.17189, "147.916899": 0.05756, "149.920902": 0.05638}, "Pm": {"144.912756": 0.0, "146.915145": 0.0}, "Sm": {"143.912006": 0.0307, "146.914904": 0.1499, "147.914829": 0.1124, "148.917192": 0.1382, "149.917283": 0.0738, "151.91974": 0.2675, "153.922217": 0.2275}, "Eu": {"150.919858": 0.4781, "152.921238": 0.5219}, "Gd": {"151.9198": 0.002, "153.920874": 0.0218, "154.92263": 0.148, "155.922131": 0.2047, "156.923969": 0.1565, "157.924112": 0.2484, "159.927062": 0.2186}, "Tb": {"158.925355": 1.0}, "Dy": {"155.924285": 0.00056, "157.924416": 0.00095, "159.925205": 0.02329, "160.926941": 0.18889, "161.926806": 0.25475, "162.928738": 0.24896, "163.929182": 0.2826}, "Ho": {"164.930329": 1.0}, "Er": {"161.928788": 0.00139, "163.929209": 0.01601, "165.930299": 0.33503, "166.932055": 0.22869, "167.932377": 0.26978, "169.93547": 0.1491}, "Tm": {"168.934218": 1.0}, "Yb": {"167.93389": 0.00123, "169.934766": 0.02982, "170.93633": 0.1409, "171.936386": 0.2168, "172.938215": 0.16103, "173.938866": 0.32026, "175.942576": 0.12996}, "Lu": {"174.940775": 0.97401, "175.94269": 0.02599}, "Hf": {"173.940046": 0.0016, "175.941408": 0.0526, "176.943228": 0.186, "177.943706": 0.2728, "178.945823": 0.1362, "179.946557": 0.3508}, "Ta": {"179.947465": 0.00012, "180.947996": 0.99988}, "W": {"179.946711": 0.0012, "181.948204": 0.265, "182.950223": 0.1431, "183.950931": 0.3064, "185.954363": 0.2843}, "Re": {"184.952955": 0.374, "186.95575": 0.626}, "Os": {"183.952488": 0.0002, "185.953835": 0.0159, "186.955747": 0.0196, "187.955835": 0.1324, "188.958144": 0.1615, "189.958444": 0.2626, "191.961477": 0.4078}, "Ir": {"190.960589": 0.373, "192.962922": 0.627}, "Pt": {"189.95993": 0.00012, "191.961039": 0.00782, "193.962681": 0.3286, "194.964792": 0.3378, "195.964952": 0.2521, "197.967895": 0.07356}, "Au": {"196.966569": 1.0}, "Hg": {"195.965833": 0.0015, "197.966769": 0.0997, "198.968281": 0.1687, "199.968327": 0.231, "200.970303": 0.1318, "201.970643": 0.2986, "203.973494": 0.0687}, "Tl": {"202.972345": 0.2952, "204.974428": 0.7048}, "Pb": {"203.973044": 0.014, "205.974466": 0.241, "206.975897": 0.221, "207.976653": 0.524}, "Bi": {"208.980399": 1.0}, "Po": {"208.982431": 0.0, "209.982874": 0.0}, "At": {"209.987148": 0.0, "210.987497": 0.0}, "Rn": {"210.990601": 0.0, "220.011394": 0.0, "222.017578": 0.0}, "Fr": {"223.019736": 0.0}, "Ra": {"223.018502": 0.0, "224.020212": 0.0, "226.02541": 0.0, "228.031071": 0.0}, "Ac": {"227.027752": 0.0}, "Th": {"230.033134": 0.0, "232.038056": 1.0}, "Pa": {"231.035884": 1.0}, "U": {"233.039636": 0.0, "234.040952": 5.4e-05, "235.04393": 0.007204, "236.045568": 0.0, "238.050788": 0.992742}, "Np": {"236.04657": 0.0, "237.048174": 0.0}, "Pu": {"238.04956": 0.0, "239.052164": 0.0, "240.053814": 0.0, "241.056852": 0.0, "242.058743": 0.0, "244.064205": 0.0}, "Am": {"241.056829": 0.0, "243.061381": 0.0}, "Cm": {"243.061389": 0.0, "244.062753": 0.0, "245.065492": 0.0, "246.067224": 0.0, "247.070354": 0.0, "248.07235": 0.0}, "Bk": {"247.070307": 0.0, "249.074988": 0.0}, "Cf": {"249.074854": 0.0, "250.076406": 0.0, "251.079589": 0.0, "252.081627": 0.0}, "Es": {"252.08298": 0.0}, "Fm": {"257.095106": 0.0}, "Md": {"258.098432": 0.0, "260.10365": 0.0}, "No": {"259.10103": 0.0}, "Lr": {"262.10961": 0.0}, "Rf": {"267.12179": 0.0},