{"1": {"1": [1.00782503223, 0.999885, 1.00784], "2": [2.01410177812, 0.000115, 1.00784], "3": [3.0160492779, 0, 1.00784]}, "2": {"3": [3.0160293201, 1.34e-06, 4.002602], "4": [4.00260325413, 0.99999866, 4.002602]}, "3": {"6": [6.0151228874, 0.0759, 6.938], "7": [7.0160034366, 0.9241, 6.938]}, "4": {"9": [9.012183065, 1.0, 9.0121831]}, "5": {"10": [10.01293695, 0.199, 10.806], "11": [11.00930536, 0.801, 10.806]}, "6": {"12": [12.0, 0.9893, 12.0096], "13": [13.00335483507, 0.0107, 12.0096], "14": [14.0032419884, 0, 12.0096]}, "7": {"14": [14.00307400443, 0.99636, 14.00643], "15": [15.00010889888, 0.00364, 14.00643]}, "8": {"16": [15.99491461957, 0.99757, 15.99903], "17": [16.9991317565, 0.00038, 15.99903], "18": [17.99915961286, 0.00205, 15.99903]}, "9": {"19": [18.99840316273, 1.0, 18.998403163]}, "10": {"20": [19.9924401762, 0.9048, 20.1797], "21": [20.993846685, 0.0027, 20.1797], "22": [21.991385114, 0.0925, 20.1797]}, "11": {"23": [22.989769282, 1.0, 22.98976928]}, "12": {"24": [23.985041697, 0.7899, 24.304], "25": [24.985836976, 0.1, 24.304], "26": [25.982592968, 0.1101, 24.304]}, "13": {"27": [26.98153853, 1.0, 26.9815385]}, "14": {"28": [27.97692653465, 0.92223, 28.084], "29": [28.9764946649, 0.04685, 28.084], "30": [29.973770136, 0.03092, 28.084]}, "15": {"31": [30.97376199842, 1.0, 30.973761998]}, "16": {"32": [31.9720711744, 0.9499, 32.059], "33": [32.9714589098, 0.0075, 32.059], "34": [33.967867004, 0.0425, 32.059], "36": [35.96708071, 0.0001, 32.059]}, "17": {"35": [34.968852682, 0.7576, 35.446], "37": [36.965902602, 0.2424, 35.446]}, "18": {"36": [35.967545105, 0.003336, 39.948], "38": [37.96273211, 0.000629, 39.948], "40": [39.9623831237, 0.996035, 39.948]}, "19": {"39": [38.9637064864, 0.932581, 39.0983], "40": [39.963998166, 0.000117, 39.0983], "41": [40.9618252579, 0.067302, 39.0983]}, "20": {"40": [39.962590863, 0.96941, 40.078], "42": [41.95861783, 0.00647, 40.078], "43": [42.95876644, 0.00135, 40.078], "44": [43.95548156, 0.02086, 40.078], "46": [45.953689, 4e-05, 40.078], "48": [47.95252276, 0.00187, 40.078]}, "21": {"45": [44.95590828, 1.0, 44.955908]}, "22": {"46": [45.95262772, 0.0825, 47.867], "47": [46.95175879, 0.0744, 47.867], "48": [47.94794198, 0.7372, 47.867], "49": [48.94786568, 0.0541, 47.867], "50": [49.94478689, 0.0518, 47.867]}, "23": {"50": [49.94715601, 0.0025, 50.9415], "51": [50.94395704, 0.9975, 50.9415]}, "24": {"50": [49.94604183, 0.04345, 51.9961], "52": [51.94050623, 0.83789, 51.9961], "53": [52.94064815, 0.09501, 51.9961], "54": [53.93887916, 0.02365, 51.9961]}, "25": {"55": [54.93804391, 1.0, 54.938044]}, "26": {"54": [53.93960899, 0.05845, 55.845], "56": [55.93493633, 0.91754, 55.845], "57": [56.93539284, 0.02119, 55.845], "58": [57.93327443, 0.00282, 55.845]}, "27": {"59": [58.93319429, 1.0, 58.933194]}, "28": {"58": [57.93534241, 0.68077, 58.6934], "60": [59.93078588, 0.26223, 58.6934], "61": [60.93105557, 0.011399, 58.6934], "62": [61.92834537, 0.036346, 58.6934], "64": [63.92796682, 0.009255, 58.6934]}, "29": {"63": [62.92959772, 0.6915, 63.546], "65": [64.9277897, 0.3085, 63.546]}, "30": {"64": [63.92914201, 0.4917, 65.38], "66": [65.92603381, 0.2773, 65.38], "67": [66.92712775, 0.0404, 65.38], "68": [67.92484455, 0.1845, 65.38], "70": [69.9253192, 0.0061, 65.38]}, "31": {"69": [68.9255735, 0.60108, 69.723], "71": [70.92470258, 0.39892, 69.723]}, "32": {"70": [69.92424875, 0.2057, 72.63], "72": [71.922075826, 0.2745, 72.63], "73": [72.923458956, 0.0775, 72.63], "74": [73.921177761, 0.365, 72.63], "76": [75.921402726, 0.0773, 72.63]}, "33": {"75": [74.92159457, 1.0, 74.921595]}, "34": {"74": [73.922475934, 0.0089, 78.971], "76": [75.919213704, 0.0937, 78.971], "77": [76.919914154, 0.0763, 78.971], "78": [77.91730928, 0.2377, 78.971], "80": [79.9165218, 0.4961, 78.971], "82": [81.9166995, 0.0873, 78.971]}, "35": {"79": [78.9183376, 0.5069, 79.901], "81": [80.9162897, 0.4931, 79.901]}, "36": {"78": [77.92036494, 0.00355, 83.798], "80": [79.91637808, 0.02286, 83.798], "82": [81.91348273, 0.11593, 83.798], "83": [82.91412716, 0.115, 83.798], "84": [83.9114977282, 0.56987, 83.798], "86": [85.9106106269, 0.17279, 83.798]}, "37": {"85": [84.9117897379, 0.7217, 85.4678], "87": [86.909180531, 0.2783, 85.4678]}, "38": {"84": [83.9134191, 0.0056, 87.62], "86": [85.9092606, 0.0986, 87.62], "87": [86.9088775, 0.07, 87.62], "88": [87.9056125, 0.8258, 87.62]}, "39": {"89": [88.9058403, 1.0, 88.90584]}, "40": {"90": [89.9046977, 0.5145, 91.224], "91": [90.9056396, 0.1122, 91.224], "92": [91.9050347, 0.1715, 91.224], "94": [93.9063108, 0.1738, 91.224], "96": [95.9082714, 0.028, 91.224]}, "41": {"93": [92.906373, 1.0, 92.90637]}, "42": {"92": [91.90680796, 0.1453, 95.95], "94": [93.9050849, 0.0915, 95.95], "95": [94.90583877, 0.1584, 95.95], "96": [95.90467612, 0.1667, 95.95], "97": [96.90601812, 0.096, 95.95], "98": [97.90540482, 0.2439, 95.95], "100": [99.9074718, 0.0982, 95.95]}, "43": {"97": [96.9063667, 0, 98.0], "98": [97.9072124, 0, 98.0], "99": [98.9062508, 0, 98.0]}, "44": {"96": [95.90759025, 0.0554, 101.07], "98": [97.9052868, 0.0187, 101.07], "99": [98.9059341, 0.1276, 101.07], "100": [99.9042143, 0.126, 101.07], "101": [100.9055769, 0.1706, 101.07], "102": [101.9043441, 0.3155, 101.07], "104": [103.9054275, 0.1862, 101.07]}, "45": {"103": [102.905498, 1.0, 102.9055]}, "46": {"102": [101.9056022, 0.0102, 106.42], "104": [103.9040305, 0.1114, 106.42], "105": [104.9050796, 0.2233, 106.42], "106": [105.9034804, 0.2733, 106.42], "108": [107.9038916, 0.2646, 106.42], "110": [109.9051722, 0.1172, 106.42]}, "47": {"107": [106.9050916, 0.51839, 107.8682], "109": [108.9047553, 0.48161, 107.8682]}, "48": {"106": [105.9064599, 0.0125, 112.414], "108": [107.9041834, 0.0089, 112.414], "110": [109.90300661, 0.1249, 112.414], "111": [110.90418287, 0.128, 112.414], "112": [111.90276287, 0.2413, 112.414], "113": [112.90440813, 0.1222, 112.414], "114": [113.90336509, 0.2873, 112.414], "116": [115.90476315, 0.0749, 112.414]}, "49": {"113": [112.90406184, 0.0429, 114.818], "115": [114.903878776, 0.9571, 114.818]}, "50": {"112": [111.90482387, 0.0097, 118.71], "114": [113.9027827, 0.0066, 118.71], "115": [114.903344699, 0.0034, 118.71], "116": [115.9017428, 0.1454, 118.71], "117": [116.90295398, 0.0768, 118.71], "118": [117.90160657, 0.2422, 118.71], "119": [118.90331117, 0.0859, 118.71], "120": [119.90220163, 0.3258, 118.71], "122": [121.9034438, 0.0463, 118.71], "124": [123.9052766, 0.0579, 118.71]}, "51": {"121": [120.903812, 0.5721, 121.76], "123": [122.9042132, 0.4279, 121.76]}, "52": {"120": [119.9040593, 0.0009, 127.6], "122": [121.9030435, 0.0255, 127.6], "123": [122.9042698, 0.0089, 127.6], "124": [123.9028171, 0.0474, 127.6], "125": [124.9044299, 0.0707, 127.6], "126": [125.9033109, 0.1884, 127.6], "128": [127.90446128, 0.3174, 127.6], "130": [129.906222748, 0.3408, 127.6]}, "53": {"127": [126.9044719, 1.0, 126.90447]}, "54": {"124": [123.905892, 0.000952, 131.293], "126": [125.9042983, 0.00089, 131.293], "128": [127.903531, 0.019102, 131.293], "129": [128.9047808611, 0.264006, 131.293], "130": [129.903509349, 0.04071, 131.293], "131": [130.90508406, 0.212324, 131.293], "132": [131.9041550856, 0.269086, 131.293], "134": [133.90539466, 0.104357, 131.293], "136": [135.907214484, 0.088573, 131.293]}, "55": {"133": [132.905451961, 1.0, 132.90545196]}, "56": {"130": [129.9063207, 0.00106, 137.327], "132": [131.9050611, 0.00101, 137.327], "134": [133.90450818, 0.02417, 137.327], "135": [134.90568838, 0.06592, 137.327], "136": [135.90457573, 0.07854, 137.327], "137": [136.90582714, 0.11232, 137.327], "138": [137.905247, 0.71698, 137.327]}, "57": {"138": [137.9071149, 0.0008881, 138.90547], "139": [138.9063563, 0.9991119, 138.90547]}, "58": {"136": [135.90712921, 0.00185, 140.116], "138": [137.905991, 0.00251, 140.116], "140": [139.9054431, 0.8845, 140.116], "142": [141.9092504, 0.11114, 140.116]}, "59": {"141": [140.9076576, 1.0, 140.90766]}, "60": {"142": [141.907729, 0.27152, 144.242],